Timestamp,PM2.5 (µg/m³),PM10 (µg/m³),NO (µg/m³),NO2 (µg/m³),NOx (ppb),NH3 (µg/m³),CO (mg/m³),Ozone (µg/m³),Benzene (µg/m³),Toluene (µg/m³),MP-Xylene (µg/m³),WS (m/s),WD (deg),SR (W/mt2)
2024-01-01,126.69,253.99,14.79,32.52,17.02,40.49,1.77,49.94,1.72,4.55,1.35,0.94,267.54,39.55
2024-01-02,126.39,202.8,12.66,42.59,21.06,49.54,1.24,49.5,4.32,5.35,4.52,0.97,278.36,45.19
2024-01-03,148.11,226.3,8.67,76.58,24.2,56.07,1.73,49.93,4.31,5.35,4.54,0.8,241.07,38.17
2024-01-04,141.81,199.25,9.09,66.13,29.35,48.89,1.6,49.58,4.32,5.34,4.51,1.15,311.86,23.13
2024-01-05,134.89,187.94,13.61,27.48,20.24,28.47,1.51,51.2,4.1,5.14,4.18,0.96,271.47,28.6
2024-01-06,71.94,146.61,14.49,23.56,28.38,36.54,1.41,49.8,4.32,5.42,4.56,1.05,275.43,40.88
2024-01-07,75.29,148.48,15.61,18.68,27.39,34.33,1.32,49.93,4.31,5.29,4.54,0.68,233.83,42.72
2024-01-08,152.63,252.37,20.13,27.11,35.13,42.66,2.44,49.8,4.31,5.37,4.57,0.65,233.01,30.41
2024-01-09,85.23,155.4,15.6,18.63,27.48,34.32,1.53,49.92,4.3,5.32,4.56,1.39,305.55,31.89
2024-01-10,104.44,144.04,15.63,18.63,27.57,34.32,1.32,49.93,4.32,5.35,4.54,1.39,308.21,41.3
2024-01-11,146.81,206.36,15.16,33.14,31.31,41.94,1.73,49.94,4.32,5.32,4.53,1.07,284.16,38.57
2024-01-12,175.52,237.39,20.3,60.72,46.51,62.68,1.87,49.93,4.3,5.32,4.53,0.83,268.96,42.69
2024-01-13,376.03,421.38,17.71,51.23,38.83,46.25,3.52,49.94,4.32,5.34,4.5,0.68,199.32,49.73
2024-01-14,189.09,235.96,15.84,17.98,26.6,35.46,3.13,48.93,4.14,5.42,4.61,0.86,271.59,22.99
2024-01-15,181.21,256.19,15.69,18.68,27.41,34.36,2.47,50.18,4.31,5.33,4.51,0.91,265.11,44.14
2024-01-16,151.51,228.9,14.29,40.8,33.32,46.03,3.15,49.94,4.32,5.31,4.53,0.82,174.33,39.85
2024-01-17,162.89,240.55,12.73,23.26,26.52,36.96,1.44,50.12,4.3,5.35,4.51,0.74,195.09,42.19
2024-01-18,119.54,165.75,13.24,20.72,24.33,32.61,1.04,51.17,4.12,5.19,4.19,0.8,186.91,41.33
2024-01-19,151.29,218.43,13.07,21.01,25.12,34.52,1.12,49.3,4.34,5.47,4.56,0.75,208.56,41.45
2024-01-20,207.71,314.0,13.15,19.76,24.73,33.32,1.4,49.93,4.27,5.28,4.49,0.76,235.89,39.89
2024-01-21,232.76,294.09,15.67,18.63,27.49,34.17,1.86,49.94,4.32,5.31,4.5,1.25,287.67,38.61
2024-01-22,233.05,313.38,10.6,23.23,22.67,33.42,1.28,49.93,4.3,5.34,4.54,0.83,238.72,53.84
2024-01-23,180.79,260.72,8.94,28.71,20.44,29.32,1.53,48.34,4.38,5.66,4.55,0.77,219.68,42.39
2024-01-24,264.27,360.3,12.03,27.52,26.13,39.3,2.09,49.11,4.28,5.17,4.7,0.81,276.76,32.33
2024-01-25,173.96,303.55,12.23,31.42,23.13,30.53,2.03,52.29,4.24,4.24,4.25,0.76,260.91,50.58
2024-01-26,192.28,312.94,15.64,18.66,27.41,34.23,2.49,49.93,4.32,5.33,4.5,0.7,229.81,48.08
2024-01-27,181.43,277.13,15.67,18.65,27.53,34.29,2.26,49.93,4.3,5.35,4.51,0.89,260.76,50.79
2024-01-28,255.36,368.06,15.63,18.61,27.43,34.42,2.25,49.87,4.33,5.31,4.56,0.73,189.22,56.28
2024-01-29,172.58,231.52,15.83,18.72,27.34,34.24,1.57,49.76,4.34,5.33,4.53,0.81,257.26,44.29
2024-01-30,148.89,245.02,15.65,18.5,27.4,34.89,2.0,49.21,4.34,5.47,4.61,1.01,288.55,44.06
2024-01-31,145.22,272.13,15.31,21.15,25.8,29.46,2.56,54.65,4.11,4.81,3.73,0.73,231.83,33.26
2024-02-01,66.12,116.93,15.82,19.33,27.05,33.66,0.74,51.63,3.9,4.94,4.2,0.86,155.44,59.92
2024-02-02,102.06,166.35,15.66,18.63,27.44,34.38,1.19,49.66,4.33,5.34,4.55,0.86,269.13,42.7
2024-02-03,106.68,238.85,15.58,18.6,27.54,34.22,1.24,49.85,4.3,5.33,4.53,0.74,254.5,58.42
2024-02-04,155.6,249.14,15.73,19.2,26.04,33.61,1.63,49.26,3.92,4.9,4.37,0.7,204.6,47.08
2024-02-05,77.93,128.36,15.68,18.67,27.47,34.21,0.72,49.94,4.32,5.32,4.52,1.23,284.68,49.37
2024-02-06,71.55,145.15,15.69,18.65,27.47,34.39,0.67,49.94,4.33,5.32,4.53,1.34,297.48,57.51
2024-02-07,86.55,164.25,15.61,18.62,27.53,34.34,0.71,49.93,4.31,5.34,4.57,1.41,284.79,67.66
2024-02-08,72.37,139.38,15.64,18.63,27.5,34.22,0.58,49.93,4.31,5.34,4.52,1.2,219.75,69.58
2024-02-09,91.22,222.64,15.66,18.54,27.04,34.34,1.0,49.79,4.23,5.27,4.5,0.81,244.97,65.58
2024-02-10,262.95,423.93,15.67,18.66,27.48,34.24,2.69,49.94,4.33,5.36,4.52,0.85,267.16,69.88
2024-02-11,254.16,346.22,15.85,17.97,24.95,35.31,1.54,49.1,3.92,5.02,4.64,0.86,243.0,74.22
2024-02-12,178.67,291.33,15.71,18.65,27.57,34.29,1.62,49.93,4.32,5.35,4.53,0.83,265.86,73.16
2024-02-13,282.07,407.58,15.79,18.62,27.51,34.34,2.23,49.74,4.33,5.35,4.54,0.86,268.24,65.44
2024-02-14,161.89,242.45,15.66,18.61,27.52,34.3,1.73,49.93,4.31,5.33,4.53,0.84,250.69,68.24
2024-02-15,133.13,260.42,15.78,18.57,27.51,34.36,1.23,49.94,4.32,5.34,4.54,0.98,258.35,65.68
2024-02-16,128.74,305.58,15.73,18.24,26.2,34.89,1.62,49.87,4.32,5.36,4.56,0.98,280.21,68.53
2024-02-17,154.44,278.89,15.68,18.63,27.46,34.32,2.09,49.94,4.33,5.31,4.53,0.95,261.83,70.16
2024-02-18,133.6,230.85,15.71,18.61,27.56,34.36,1.49,49.94,4.34,5.34,4.56,0.93,215.58,78.7
2024-02-19,116.16,265.03,15.68,18.73,27.51,34.0,0.66,50.03,4.35,5.39,4.5,1.19,146.08,76.34
2024-02-20,144.93,247.88,15.69,18.62,27.41,34.01,0.93,50.03,4.34,5.36,4.51,0.75,211.44,79.76
2024-02-21,119.16,201.55,15.64,18.64,27.53,34.26,0.99,49.93,4.31,5.33,4.52,1.25,287.36,55.9
2024-02-22,76.59,159.62,15.8,18.6,27.32,34.47,0.69,49.88,4.29,5.32,4.55,1.12,287.76,79.39
2024-02-23,62.7,149.62,15.73,18.16,27.53,34.94,0.64,49.26,4.3,5.49,4.62,1.09,279.77,84.33
2024-02-24,115.92,272.52,15.62,18.68,27.51,34.29,1.27,50.11,4.32,5.38,4.47,0.53,207.74,93.46
2024-02-25,103.23,186.94,15.65,18.62,27.46,34.35,1.01,49.86,4.31,5.36,4.53,0.62,203.91,87.82
2024-02-26,103.82,225.92,15.66,18.63,27.63,34.44,1.17,49.93,4.31,5.34,4.52,0.79,251.45,94.64
2024-02-27,64.76,141.38,15.56,18.64,27.46,34.25,0.96,49.92,4.3,5.32,4.53,1.44,296.8,70.26
2024-02-28,74.01,136.62,15.63,18.67,27.6,34.29,0.64,49.93,4.3,5.35,4.54,1.4,294.99,87.19
2024-02-29,80.83,164.96,15.74,18.63,27.35,34.53,0.81,50.06,4.26,5.31,4.58,1.11,281.34,91.03
2024-03-01,120.85,251.04,15.5,18.66,27.52,34.22,1.31,49.92,4.3,5.33,4.5,0.68,182.9,89.79
2024-03-02,39.28,95.82,15.69,18.56,27.54,34.38,0.55,49.87,4.33,5.36,4.53,1.05,187.97,84.34
2024-03-03,54.05,175.12,15.46,19.42,11.67,33.67,0.2,51.15,1.83,3.27,3.55,1.4,296.44,12.81
2024-03-04,62.28,133.02,15.64,18.46,27.33,34.38,0.61,49.91,4.29,5.52,4.6,1.12,291.01,96.32
2024-03-05,85.78,121.62,15.64,18.65,27.52,34.28,0.57,49.93,4.31,5.35,4.55,1.61,306.29,105.43
2024-03-06,89.54,124.78,15.7,18.63,27.5,34.14,0.6,49.94,4.31,5.34,4.5,1.35,307.28,71.82
2024-03-07,118.87,186.96,15.69,18.62,27.52,34.22,0.97,49.94,4.33,5.36,4.51,1.12,279.16,103.2
2024-03-08,100.02,176.01,15.64,18.62,27.38,34.34,0.98,49.93,4.31,5.32,4.53,1.3,292.83,102.28
2024-03-09,91.88,143.07,15.65,18.6,27.59,34.28,0.69,49.93,4.32,5.33,4.53,1.4,288.95,109.63
2024-03-10,117.26,217.41,15.73,18.61,27.48,34.44,1.05,49.94,4.33,5.34,4.55,0.86,262.02,131.16
2024-03-11,122.09,229.76,15.78,18.58,27.6,34.32,1.3,49.95,4.34,5.36,4.52,0.71,222.24,102.44
2024-03-12,114.24,194.74,15.69,18.66,27.54,34.33,0.87,49.87,4.33,5.34,4.51,1.25,281.57,94.87
2024-03-13,112.91,186.76,15.81,17.77,28.05,36.48,0.84,47.91,4.39,5.69,4.97,0.68,207.89,145.07
2024-03-14,58.19,149.78,14.97,21.99,24.88,27.2,0.53,56.53,3.96,3.21,3.51,1.54,306.59,131.87
2024-03-15,51.05,116.24,15.67,18.66,27.52,34.33,0.82,49.93,4.32,5.32,4.54,1.5,303.44,123.19
2024-03-16,79.27,169.13,15.65,18.63,27.41,34.28,1.04,49.94,4.32,5.33,4.5,0.96,287.57,96.15
2024-03-17,108.04,217.03,15.66,18.64,27.47,34.2,1.19,49.87,4.32,5.3,4.5,1.02,273.74,99.88
2024-03-18,108.88,213.28,15.73,18.65,27.53,34.3,1.26,49.94,4.33,5.34,4.49,0.91,258.88,121.17
2024-03-19,99.26,238.0,15.68,18.61,27.55,34.33,1.51,49.94,4.32,5.35,4.53,0.93,255.68,116.7
2024-03-20,152.33,300.9,15.6,18.62,27.54,34.28,1.55,50.06,4.31,5.33,4.51,0.96,271.19,112.18
2024-03-21,107.21,242.81,15.79,17.74,28.11,35.57,1.47,48.54,4.41,5.59,4.79,0.88,120.43,138.15
2024-03-22,88.85,205.71,15.69,18.56,27.5,34.54,1.1,49.53,4.35,5.43,4.52,0.89,167.44,102.03
2024-03-23,116.27,242.99,15.67,18.67,27.48,34.32,1.68,50.0,4.33,5.36,4.55,1.15,288.65,127.82
2024-03-24,88.14,233.7,15.04,18.74,27.71,33.53,1.19,51.88,4.08,5.32,4.24,1.21,260.91,87.98
2024-03-25,113.57,176.6,15.67,18.69,27.13,34.03,1.15,50.19,4.29,5.3,4.51,1.13,273.97,126.23
2024-03-26,64.4,138.53,15.74,18.81,27.38,34.28,0.87,49.94,4.34,5.36,4.51,0.89,241.94,98.06
2024-03-27,90.09,253.43,15.58,18.55,27.45,34.56,1.32,49.8,4.34,5.38,4.52,0.89,258.17,115.36
2024-03-28,78.66,185.96,15.15,18.64,23.66,33.43,0.81,49.94,3.54,4.64,4.31,1.11,270.77,112.28
2024-03-29,95.41,222.5,15.61,18.71,27.58,34.24,0.96,49.87,4.31,5.38,4.51,0.88,248.49,126.04
2024-03-30,95.35,259.12,15.64,18.39,27.64,34.46,1.07,49.65,4.32,5.35,4.56,1.09,242.16,131.56
2024-03-31,178.74,378.7,15.78,18.81,27.47,34.05,1.29,50.1,4.33,5.38,4.51,1.33,279.61,130.97
2024-04-01,71.84,117.08,15.7,18.63,27.49,34.29,0.64,49.94,4.32,5.32,4.51,1.59,290.99,142.17
2024-04-02,92.66,174.73,15.7,18.29,27.62,34.74,0.77,49.42,4.33,5.56,4.59,1.49,301.94,147.73
2024-04-03,145.55,207.87,15.69,18.62,27.48,34.29,1.14,49.94,4.32,5.33,4.52,0.57,195.03,118.89
2024-04-04,123.61,176.58,15.63,18.62,27.56,34.39,1.07,49.86,4.32,5.37,4.54,1.03,285.26,139.62
2024-04-05,134.99,192.81,15.64,18.67,27.45,34.36,0.86,49.93,4.33,5.32,4.56,1.27,275.41,146.96
2024-04-06,112.72,161.04,15.66,18.65,27.48,34.31,0.89,49.93,4.32,5.34,4.53,1.28,287.18,141.85
2024-04-07,132.22,188.89,15.76,18.69,27.37,34.13,1.05,50.02,4.36,5.32,4.58,1.24,272.72,154.25
2024-04-08,160.59,229.5,15.67,18.61,27.52,34.27,1.29,49.8,4.32,5.39,4.49,0.95,264.86,148.97
2024-04-09,153.25,218.92,15.65,18.63,27.44,34.37,1.38,49.94,4.32,5.3,4.52,0.76,238.84,133.4
2024-04-10,166.41,237.72,15.79,18.6,27.46,34.36,1.23,49.95,4.33,5.33,4.56,0.69,190.59,147.47
2024-04-11,168.96,241.91,15.68,18.66,27.52,34.44,1.17,49.94,4.32,5.38,4.55,0.58,155.87,126.82
2024-04-12,189.5,272.03,15.7,18.62,27.52,34.47,1.16,49.94,4.33,5.34,4.56,0.62,219.57,130.48
2024-04-13,173.14,247.33,15.55,18.95,26.61,34.15,0.98,50.51,4.19,5.26,4.44,1.16,194.82,129.23
2024-04-14,98.57,140.82,15.13,21.82,9.89,27.04,0.42,56.33,1.57,1.43,3.35,0.68,223.91,46.66
2024-04-15,168.35,240.52,15.78,18.3,27.61,34.57,1.44,49.52,4.37,5.6,4.55,0.8,243.35,141.76
2024-04-16,136.4,194.83,15.73,18.65,27.45,34.26,1.09,49.95,4.34,5.34,4.51,1.24,266.62,157.24
2024-04-17,102.24,146.06,15.65,18.64,27.57,34.26,0.71,49.93,4.31,5.35,4.54,1.6,286.23,175.44
2024-04-18,117.22,167.51,15.68,18.64,27.47,34.37,0.77,49.94,4.31,5.33,4.56,0.92,279.15,175.37
2024-04-19,150.84,215.49,15.64,18.68,27.55,33.86,1.04,50.19,4.35,5.38,4.56,0.8,226.37,159.67
2024-04-20,255.82,367.03,15.57,18.51,27.54,34.27,0.91,49.98,4.21,5.25,4.51,1.19,278.91,154.0
2024-04-21,102.05,145.78,15.67,18.6,27.42,34.15,0.94,49.94,4.32,5.33,4.5,1.32,285.9,175.37
2024-04-22,94.37,134.82,15.69,18.56,27.65,34.43,1.0,49.8,4.33,5.41,4.54,1.35,301.36,179.65
2024-04-23,151.24,216.06,15.67,18.63,27.52,34.35,1.18,49.93,4.31,5.34,4.53,0.93,246.32,174.64
2024-04-24,111.0,158.57,15.67,18.61,27.46,34.35,1.1,49.93,4.31,5.31,4.55,0.98,259.93,188.86
2024-04-25,197.61,282.28,15.7,18.63,27.51,34.44,1.57,49.87,4.32,5.35,4.55,1.04,285.68,176.45
2024-04-26,211.54,302.19,15.77,18.66,27.2,34.25,2.18,49.68,4.29,5.26,4.55,0.74,223.62,166.97
2024-04-27,158.13,225.89,15.67,18.7,27.2,34.26,1.04,50.17,4.23,5.27,4.5,0.97,254.98,175.22
2024-04-28,128.12,183.02,15.71,18.01,24.2,35.39,0.95,48.91,3.77,4.98,4.62,0.76,257.34,145.36
2024-04-29,194.21,277.44,15.71,18.46,27.73,34.67,1.28,49.37,4.34,5.49,4.56,1.09,246.44,154.61
2024-04-30,146.18,208.82,15.67,18.63,27.58,34.32,0.67,49.94,4.32,5.34,4.53,1.37,295.25,193.35
2024-05-01,180.69,256.71,15.73,18.65,27.54,34.43,1.11,49.94,4.32,5.33,4.54,1.72,299.71,198.4
2024-05-02,155.23,221.72,15.57,18.61,27.44,34.4,0.9,50.05,4.32,5.31,4.54,1.39,289.4,191.13
2024-05-03,226.34,323.38,15.64,18.64,27.47,34.25,1.44,49.94,4.32,5.34,4.52,0.93,259.43,187.41
2024-05-04,269.46,355.67,15.61,18.65,27.2,34.24,1.64,49.93,4.27,5.31,4.49,0.82,238.73,154.04
2024-05-05,189.12,270.16,15.68,18.43,26.36,34.76,1.41,49.58,4.16,5.18,4.61,0.98,257.27,188.66
2024-05-06,222.41,316.69,15.65,18.85,26.47,33.93,1.3,50.26,4.17,5.17,4.37,1.18,258.89,194.46
2024-05-07,238.56,353.9,15.69,18.62,27.26,34.3,1.83,49.73,4.27,5.34,4.5,0.61,210.86,151.19
2024-05-08,53.51,133.77,14.1,21.27,12.66,28.11,0.42,57.98,1.65,1.35,3.85,0.62,99.15,353.09
2024-05-09,74.84,165.01,15.64,19.0,26.0,32.62,0.82,51.03,4.25,3.74,4.49,0.7,99.92,186.53
2024-05-10,83.38,178.63,15.69,18.77,25.69,34.63,0.86,49.52,4.04,4.99,4.63,0.97,121.12,177.44
2024-05-11,124.12,310.37,15.65,18.78,27.49,33.68,0.8,50.95,4.26,4.34,4.47,0.91,214.82,174.81
2024-05-12,74.58,186.46,15.65,18.63,27.46,34.31,0.97,49.93,4.3,5.32,4.52,0.75,221.66,170.01
2024-05-13,85.12,212.74,15.73,18.64,27.42,34.34,1.0,49.94,4.32,5.32,4.5,0.74,227.86,172.66
2024-05-14,96.06,240.11,15.6,18.58,27.58,34.25,1.21,49.86,4.31,5.37,4.51,0.93,244.14,183.37
2024-05-15,111.39,278.47,15.65,18.63,27.53,34.2,1.27,49.86,4.32,5.37,4.5,0.9,246.16,190.83
2024-05-16,119.33,298.33,15.63,18.6,27.39,34.15,1.25,49.93,4.32,5.31,4.51,0.74,222.89,187.87
2024-05-17,134.22,247.31,15.72,18.74,27.53,34.27,1.92,40.8,4.3,5.35,4.49,0.74,249.18,187.79
2024-05-18,181.58,278.38,11.72,11.86,20.39,27.96,1.62,39.15,4.5,9.46,10.65,1.06,254.11,169.45
2024-05-19,144.08,205.83,2.07,1.72,2.56,3.76,1.12,44.27,5.29,10.13,23.63,1.15,281.91,185.03
2024-05-20,107.89,154.14,8.8,12.4,14.33,15.94,0.9,43.09,4.36,11.14,16.29,1.04,256.12,167.61
2024-05-21,117.0,250.12,15.69,18.63,27.49,34.18,1.12,40.6,4.53,9.46,19.85,0.66,168.68,176.71
2024-05-22,93.19,291.72,13.47,10.73,17.47,25.6,0.99,30.11,4.36,7.63,13.44,0.78,159.34,176.18
2024-05-23,70.44,166.44,12.28,17.07,29.6,32.58,0.81,42.21,4.46,8.93,9.6,0.93,102.67,162.01
2024-05-24,55.2,131.02,10.37,19.15,29.51,27.48,0.82,36.26,4.21,10.18,8.81,0.74,154.87,184.44
2024-05-25,72.39,197.25,11.22,19.43,28.58,27.2,0.97,33.65,4.24,9.32,14.89,1.1,244.89,173.7
2024-05-26,79.31,216.66,15.71,18.57,27.53,34.47,1.23,32.75,4.28,10.42,24.75,1.03,246.47,204.02
2024-05-27,107.65,278.82,15.95,19.01,25.31,34.17,1.33,35.28,4.68,11.23,24.52,0.95,242.09,125.99
2024-05-28,82.9,234.66,15.67,18.64,27.53,34.35,1.18,42.41,4.48,12.73,24.87,0.98,249.22,197.15
2024-05-29,76.16,216.06,15.69,18.63,27.57,34.38,0.88,35.75,4.52,10.7,17.27,0.84,221.63,187.43
2024-05-30,65.93,194.18,15.69,18.62,27.61,34.32,0.63,38.88,4.32,10.59,14.18,1.19,241.39,189.37
2024-05-31,74.44,277.85,15.72,18.38,27.58,34.74,0.86,33.34,4.3,11.67,14.05,1.06,195.4,181.25
2024-06-01,71.17,200.06,15.84,18.92,25.12,33.99,0.94,30.51,3.89,7.39,24.93,1.05,241.54,134.11
2024-06-02,50.66,128.61,15.55,18.66,27.52,34.29,0.65,32.77,4.07,8.98,15.74,0.84,211.52,191.81
2024-06-03,89.31,192.19,15.65,18.66,27.48,34.17,0.82,36.18,4.14,9.76,17.14,0.87,236.98,196.07
2024-06-04,158.9,307.79,14.88,19.99,20.44,31.87,0.64,33.99,3.28,6.15,20.42,0.89,242.62,191.24
2024-06-05,97.81,315.42,15.62,18.68,27.57,34.31,0.71,31.8,4.14,6.93,20.03,0.72,192.1,177.61
2024-06-06,69.58,188.54,15.88,17.83,24.91,35.83,0.56,33.33,3.61,6.99,11.82,1.08,258.0,236.83
2024-06-07,158.72,242.59,15.68,18.66,27.56,34.15,0.53,36.44,4.06,8.9,13.01,1.06,229.66,204.07
2024-06-08,174.48,395.74,15.69,18.59,27.55,34.37,0.62,32.58,3.99,9.73,13.66,1.22,268.73,160.74
2024-06-09,101.12,203.83,15.58,18.62,27.45,34.31,0.73,33.46,3.98,10.9,11.93,1.44,287.7,218.57
2024-06-10,78.68,184.17,15.7,18.63,27.54,34.35,0.81,34.68,4.22,9.46,13.93,1.33,295.11,222.86
2024-06-11,110.67,270.48,15.68,18.62,27.5,34.14,1.07,37.71,4.18,7.72,21.05,0.96,229.22,204.76
2024-06-12,82.14,268.12,15.66,18.57,27.56,34.45,1.28,33.21,3.9,6.24,13.31,1.08,218.38,207.76
2024-06-13,85.85,234.75,15.72,18.65,27.54,34.28,0.93,34.58,4.36,11.13,23.89,1.11,193.16,206.04
2024-06-14,99.01,263.28,15.67,18.71,27.04,34.23,0.47,37.89,4.19,11.67,13.59,1.22,177.07,193.94
2024-06-15,102.77,248.84,15.69,18.63,27.41,34.33,0.58,31.19,4.37,12.28,17.0,1.2,233.44,212.88
2024-06-16,70.76,256.44,15.76,18.64,27.53,34.31,0.74,31.82,4.44,11.5,19.19,1.15,244.63,217.21
2024-06-17,71.04,188.23,15.64,18.68,27.5,34.28,0.6,31.05,4.39,9.03,17.35,1.07,224.1,212.53
2024-06-18,85.16,264.09,15.94,17.73,28.11,35.75,0.54,30.71,4.35,8.76,16.69,1.21,217.19,266.33
2024-06-19,92.61,279.71,15.78,18.55,26.68,34.74,0.47,30.15,4.21,10.25,17.41,0.67,170.57,186.99
2024-06-20,68.66,169.08,15.8,18.87,27.2,34.14,0.65,33.02,4.33,10.13,11.23,1.0,214.79,155.8
2024-06-21,67.65,165.75,15.74,18.59,27.48,34.4,0.74,38.0,4.35,7.16,10.66,1.1,230.19,169.04
2024-06-22,61.23,109.61,15.75,18.55,27.42,34.4,0.98,32.17,3.59,1.63,2.32,0.81,191.72,143.66
2024-06-23,52.12,109.62,15.7,18.6,27.55,34.2,0.83,31.18,4.34,5.37,4.53,0.69,159.92,171.99
2024-06-24,68.69,110.07,15.76,18.41,27.61,34.66,0.79,33.52,4.46,6.78,7.63,0.66,196.34,128.57
2024-06-25,69.27,109.52,15.81,18.56,27.51,34.31,0.82,38.57,4.44,5.98,11.48,0.68,182.59,143.63
2024-06-26,86.25,116.8,15.92,17.29,28.4,37.5,0.8,33.48,4.47,6.4,11.61,0.77,193.88,145.38
2024-06-27,50.72,118.73,15.21,21.9,25.31,27.06,0.51,35.6,4.3,8.83,9.68,0.66,179.4,67.44
2024-06-28,61.38,137.78,15.83,18.71,27.12,34.5,0.68,30.98,4.7,4.75,9.92,0.67,218.66,82.33
2024-06-29,79.31,166.11,15.71,18.64,27.52,34.29,0.67,30.57,4.22,5.64,13.08,0.86,255.71,122.77
2024-06-30,48.82,152.2,15.61,18.66,27.48,34.33,0.6,32.41,4.15,6.94,12.53,0.84,241.48,166.34
2024-07-01,57.77,136.55,15.57,18.74,27.15,34.48,0.59,31.44,3.99,8.72,12.01,0.92,213.82,146.19
2024-07-02,63.94,115.69,14.96,22.15,25.18,26.96,0.57,31.7,4.11,6.44,13.86,0.87,226.39,138.8
2024-07-03,47.54,137.23,15.63,18.63,27.46,34.06,0.67,31.43,4.37,4.63,12.08,0.8,179.15,84.59
2024-07-04,34.92,129.62,15.68,18.64,27.46,34.27,0.69,31.54,4.22,4.73,11.74,0.56,182.1,73.2
2024-07-05,58.87,129.52,15.68,18.65,27.47,34.27,0.71,30.9,4.26,5.09,14.61,0.53,194.45,81.29
2024-07-06,50.65,129.2,15.62,18.63,27.16,34.59,0.65,31.86,4.25,4.52,11.82,0.83,215.3,107.51
2024-07-07,40.37,128.32,15.78,17.95,22.05,36.23,0.41,30.78,3.33,3.85,10.81,0.55,178.89,172.75
2024-07-08,60.91,130.14,15.0,22.18,25.14,26.97,0.03,31.21,4.29,4.4,11.6,0.6,211.45,199.05
2024-07-09,61.16,129.42,15.76,18.7,27.58,34.29,1.63,31.07,4.32,4.36,13.41,0.61,186.27,115.86
2024-07-10,56.18,131.61,15.62,18.64,27.4,34.32,0.77,32.71,4.32,5.66,19.94,0.69,227.1,162.11
2024-07-11,59.84,129.84,15.66,18.59,27.51,34.43,0.63,33.44,4.22,4.91,15.92,0.88,248.87,187.95
2024-07-12,42.05,129.19,15.74,18.66,27.46,34.19,0.52,31.56,4.27,3.89,11.7,1.06,247.73,108.8
2024-07-13,41.3,129.32,15.65,18.67,27.46,34.24,0.77,30.92,4.19,3.77,8.86,0.69,221.81,125.38
2024-07-14,40.9,129.23,15.6,18.75,27.42,34.22,0.76,31.5,4.3,5.32,4.51,0.55,157.7,183.6
2024-07-15,50.54,121.04,15.67,18.4,27.69,34.69,0.8,31.36,4.37,5.38,7.52,0.6,194.43,180.19
2024-07-16,75.97,149.27,15.7,18.63,27.53,34.36,0.7,31.88,4.15,3.96,9.91,0.53,157.24,157.26
2024-07-17,69.03,137.43,15.89,19.06,25.48,33.85,0.65,32.23,3.94,3.51,11.98,0.78,132.16,137.95
2024-07-18,54.84,153.03,15.71,18.64,27.49,34.16,0.72,31.18,4.23,4.35,14.65,0.65,165.34,149.86
2024-07-19,60.25,162.69,15.61,18.65,27.47,34.42,0.83,31.87,4.29,5.0,15.57,0.73,158.94,165.35
2024-07-20,108.61,192.54,15.68,18.6,27.46,34.26,0.7,34.63,4.26,4.14,12.98,0.61,147.88,173.71
2024-07-21,73.88,167.43,15.71,18.7,27.55,34.28,0.68,31.69,4.11,5.59,12.35,0.66,211.52,122.92
2024-07-22,71.07,129.65,15.67,18.61,27.46,34.16,0.73,30.95,4.05,6.33,11.44,0.73,187.89,141.57
2024-07-23,68.0,128.91,15.34,20.73,25.65,32.25,0.75,35.84,4.34,5.16,16.23,0.59,208.52,113.47
2024-07-24,56.51,211.21,15.61,19.45,27.04,32.44,0.92,34.63,4.23,4.26,16.48,0.69,206.17,85.81
2024-07-25,30.81,177.96,15.65,18.23,27.52,35.29,0.9,33.67,4.35,4.88,19.63,0.56,216.85,102.96
2024-07-26,51.31,227.37,15.69,18.77,27.49,33.99,0.81,31.95,4.23,3.77,14.65,0.69,223.6,93.04
2024-07-27,49.81,306.54,15.82,17.41,20.19,37.04,0.63,31.41,3.02,3.56,15.16,0.58,189.95,182.97
2024-07-28,44.17,132.63,14.78,20.99,26.9,28.69,0.66,30.97,4.16,3.74,12.37,0.51,161.29,235.16
2024-07-29,40.15,129.64,15.57,18.7,27.43,34.73,0.55,32.29,4.19,3.33,9.05,0.62,142.07,156.18
2024-07-30,41.08,129.7,14.82,22.75,23.64,26.83,0.55,31.5,3.93,4.06,11.67,0.7,195.69,222.75
2024-07-31,54.57,108.57,14.65,22.3,24.4,27.22,0.42,38.23,3.39,2.86,16.62,0.97,297.36,195.53
2024-08-01,37.78,68.01,14.59,22.13,25.59,27.27,0.5,29.5,4.06,2.74,8.53,0.62,163.13,180.43
2024-08-02,41.12,96.09,14.59,21.23,26.9,27.55,0.59,29.47,3.67,2.58,11.77,0.5,160.32,143.63
2024-08-03,28.27,74.38,15.74,18.71,27.43,34.18,0.6,29.83,4.02,2.44,9.49,0.75,143.71,162.04
2024-08-04,34.19,80.72,15.69,18.54,27.36,34.48,0.62,29.82,3.92,2.04,7.09,0.53,173.4,175.33
2024-08-05,31.54,78.29,15.75,18.65,27.62,34.41,0.51,30.64,4.04,1.86,5.83,0.78,161.88,130.98
2024-08-06,22.71,68.52,15.66,18.66,27.42,34.59,0.63,29.88,4.07,2.22,6.51,0.91,265.26,108.94
2024-08-07,23.29,66.29,15.79,18.62,27.4,34.16,0.58,29.9,4.05,2.54,8.58,0.86,275.77,82.53
2024-08-08,30.18,104.33,15.66,18.58,27.44,34.38,0.65,30.14,4.09,3.01,11.92,0.58,204.87,116.14
2024-08-09,33.83,119.78,15.66,18.63,27.51,34.14,0.68,29.94,4.08,2.91,8.97,0.55,224.61,135.03
2024-08-10,45.06,120.2,15.68,18.62,27.57,34.19,0.73,29.99,4.06,2.95,9.45,0.53,193.86,90.05
2024-08-11,31.93,82.72,15.64,18.67,27.51,34.14,0.74,29.81,4.16,2.78,8.67,0.69,260.0,51.92
2024-08-12,36.19,97.53,15.59,18.63,27.41,34.53,0.77,29.7,4.15,3.17,10.9,0.59,249.72,65.66
2024-08-13,50.27,151.44,15.73,18.5,27.02,34.48,0.6,30.07,3.91,2.78,10.07,0.52,195.23,112.31
2024-08-14,54.47,152.39,15.63,18.63,27.5,34.27,0.82,30.33,4.06,3.73,11.61,0.47,209.47,136.02
2024-08-15,56.55,96.99,16.29,15.13,26.95,41.53,0.69,29.9,3.86,2.71,9.76,0.5,192.8,74.73
2024-08-16,64.58,140.35,15.07,22.12,25.23,26.91,0.55,31.08,3.78,3.19,3.47,0.86,219.84,165.81
2024-08-17,98.2,169.66,15.72,18.62,27.52,34.29,0.75,30.4,4.33,5.34,4.52,0.76,225.79,179.89
2024-08-18,66.38,94.83,15.7,18.62,27.54,34.11,0.65,30.62,4.33,5.34,4.52,0.84,245.12,166.94
2024-08-19,80.99,115.69,15.6,18.53,27.55,34.29,0.68,30.52,4.31,5.4,4.53,0.96,245.12,153.11
2024-08-20,73.81,105.23,15.73,18.55,27.22,34.42,0.57,31.1,4.25,5.28,4.55,0.88,268.84,65.93
2024-08-21,69.67,113.5,15.66,18.63,27.51,34.29,0.66,31.19,4.32,5.35,4.54,0.73,242.56,175.53
2024-08-22,37.25,68.99,15.71,18.62,27.46,34.36,0.58,31.09,4.32,5.33,4.51,0.8,234.4,172.62
2024-08-23,50.83,78.23,15.78,18.63,27.37,34.24,0.61,30.85,4.35,5.35,4.53,0.67,229.21,72.82
2024-08-24,70.66,95.4,15.73,18.62,27.55,34.3,1.23,31.88,4.32,5.32,4.55,0.58,214.07,99.12
2024-08-25,37.31,51.82,15.95,17.64,24.98,36.32,0.59,30.82,3.64,4.97,4.73,0.44,219.88,97.38
2024-08-26,54.47,91.45,15.82,17.89,27.39,35.69,0.61,30.97,3.96,5.27,4.68,0.5,139.8,140.72
2024-08-27,83.28,136.39,15.75,18.75,27.52,33.51,0.6,30.42,4.1,3.84,4.47,0.71,192.12,113.13
2024-08-28,56.69,104.98,15.73,18.67,27.55,34.33,0.68,30.77,4.33,5.33,4.53,0.56,173.96,123.7
2024-08-29,67.45,105.07,15.72,18.55,27.34,34.42,0.76,29.8,4.27,5.4,4.5,0.72,168.68,75.2
2024-08-30,68.46,125.94,15.47,18.4,27.34,34.39,0.82,29.49,4.23,5.41,4.51,0.65,164.03,150.71
2024-08-31,75.41,135.63,15.57,18.55,27.37,34.65,0.74,30.91,4.24,5.39,4.55,1.18,299.46,159.96
2024-09-01,69.32,128.1,15.6,18.81,26.78,33.95,0.75,31.42,4.19,4.88,4.43,1.1,265.17,126.66
2024-09-02,73.86,123.06,15.68,18.68,27.47,34.16,0.68,30.92,4.33,5.33,4.53,0.62,143.86,78.39
2024-09-03,60.85,112.67,15.75,18.59,27.5,34.39,0.64,31.75,4.32,5.35,4.52,0.64,197.82,115.35
2024-09-04,40.24,74.55,15.0,21.49,24.1,29.08,0.62,33.44,3.85,5.67,3.71,0.76,245.44,57.98
2024-09-05,51.57,95.5,15.71,18.79,27.14,33.96,0.62,33.55,4.29,5.26,4.52,0.72,217.13,125.12
2024-09-06,52.85,97.87,15.68,18.73,27.22,34.16,0.54,33.44,4.24,5.32,4.43,0.58,178.98,73.23
2024-09-07,52.32,85.1,15.27,20.9,20.5,29.43,0.45,33.93,3.0,2.74,3.87,0.64,251.93,136.45
2024-09-08,69.9,112.52,15.63,18.56,27.59,34.36,0.81,33.72,4.32,5.38,4.52,0.83,261.03,25.99
2024-09-09,59.93,94.35,15.71,18.65,27.55,34.22,0.7,35.29,4.33,5.35,4.51,0.76,243.81,140.76
2024-09-10,67.87,125.69,15.61,18.65,27.18,34.0,0.66,33.65,4.28,5.32,4.54,0.69,203.67,120.1
2024-09-11,63.02,118.97,15.74,18.63,27.48,34.29,0.82,33.49,4.33,5.33,4.53,0.8,248.79,84.03
2024-09-12,37.66,69.74,14.96,19.21,22.79,32.87,0.51,32.95,3.28,4.37,4.03,1.07,254.19,65.6
2024-09-13,33.44,61.91,15.76,17.97,27.81,35.62,0.49,33.21,4.33,5.36,4.54,0.95,209.9,41.25
2024-09-14,57.03,84.81,15.65,18.64,27.53,34.13,0.59,33.12,4.31,5.33,4.5,0.91,218.09,107.73
2024-09-15,96.53,134.81,15.0,19.83,21.15,32.05,0.38,33.06,3.05,4.07,3.86,1.05,263.17,170.88
2024-09-16,78.88,110.22,15.64,18.59,27.48,34.52,0.58,34.26,4.33,5.35,4.56,1.12,253.16,138.24
2024-09-17,86.72,108.41,15.91,17.34,28.4,37.34,1.01,34.13,4.44,5.79,5.01,0.89,229.71,168.46
2024-09-18,71.69,102.77,15.85,17.32,27.97,36.61,0.65,33.75,4.36,5.44,4.91,0.76,250.75,52.51
2024-09-19,53.98,74.81,15.67,18.17,24.05,35.23,0.5,33.25,3.73,4.78,4.66,0.56,263.34,112.85
2024-09-20,68.87,98.38,15.68,18.59,27.63,34.26,0.5,34.24,4.32,5.06,4.52,0.57,204.59,136.12
2024-09-21,64.58,92.47,15.65,18.7,27.46,34.17,0.74,33.98,4.32,5.32,4.49,0.58,194.91,117.28
2024-09-22,104.53,127.4,15.64,18.63,27.52,34.31,0.93,34.7,4.31,5.34,4.54,0.95,275.72,117.98
2024-09-23,91.98,136.74,15.78,18.11,27.82,35.56,0.77,38.04,4.36,5.73,4.58,0.86,273.17,86.42
2024-09-24,106.9,152.69,15.12,22.02,25.11,27.49,0.83,44.88,4.02,3.94,3.53,0.75,257.04,96.63
2024-09-25,62.44,83.51,15.7,18.54,27.09,34.59,0.74,42.5,4.28,5.39,4.55,0.73,167.48,112.78
2024-09-26,73.29,104.69,15.09,21.94,25.55,27.87,0.44,43.66,4.0,3.9,3.62,0.56,172.38,99.59
2024-09-27,43.8,62.57,15.64,18.64,27.49,34.36,0.41,41.6,4.32,5.33,4.55,0.62,116.17,89.85
2024-09-28,53.48,76.4,15.58,18.65,27.49,34.37,0.41,42.08,4.31,5.33,4.53,0.56,198.78,83.0
2024-09-29,67.45,97.22,15.65,18.64,26.97,34.18,0.53,42.68,4.26,5.27,4.6,0.56,207.99,102.82
2024-09-30,75.28,107.56,15.67,18.6,27.24,34.42,0.7,43.39,4.27,5.31,4.54,0.93,242.86,96.55
2024-10-01,76.65,104.35,15.69,18.6,27.52,34.36,0.75,43.61,4.32,5.34,4.53,0.98,245.51,101.34
2024-10-02,80.86,115.35,15.65,18.14,27.51,35.68,0.75,44.66,4.25,5.02,4.9,1.04,235.24,127.22
2024-10-03,73.71,98.69,14.86,21.62,25.26,27.48,0.93,46.31,3.74,3.24,3.54,1.17,278.91,112.47
2024-10-04,76.94,105.33,15.72,18.35,27.31,34.74,1.09,36.7,4.25,5.12,4.58,0.92,229.88,102.15
2024-10-05,64.23,91.75,15.59,18.62,27.56,34.25,0.92,21.92,4.31,5.34,4.51,0.97,237.71,98.25
2024-10-06,64.98,92.82,15.68,18.63,27.36,34.3,0.9,22.85,4.31,5.34,4.51,1.04,244.95,97.61
2024-10-07,75.91,108.44,15.64,18.57,27.52,34.34,0.82,23.0,4.32,5.38,4.55,1.18,305.82,93.43
2024-10-08,87.21,124.4,15.64,18.63,27.5,34.28,1.0,23.54,4.32,5.34,4.51,1.02,282.36,89.51
2024-10-09,70.4,100.57,15.56,18.66,27.22,34.24,1.03,23.8,4.21,5.26,4.5,1.18,298.19,85.68
2024-10-10,75.67,108.1,15.68,18.6,27.58,34.07,0.88,23.09,4.32,5.36,4.49,1.09,284.34,88.0
2024-10-11,68.43,97.77,15.76,18.66,27.51,34.35,0.95,25.2,4.32,5.33,4.54,1.18,293.1,89.2
2024-10-12,81.55,116.5,15.61,18.61,27.48,34.4,1.35,23.99,4.3,5.34,4.55,0.86,259.29,86.1
2024-10-13,122.75,184.93,15.65,18.68,27.53,34.36,1.87,25.57,4.31,5.34,4.53,0.72,239.11,83.88
2024-10-14,95.38,134.28,15.62,18.38,27.6,34.61,2.01,23.79,4.33,5.54,4.54,0.91,245.38,77.19
2024-10-15,113.7,146.63,15.41,19.16,21.5,34.08,1.22,30.8,3.36,4.32,4.42,0.84,249.39,49.0
2024-10-16,100.21,142.24,14.56,21.26,24.31,27.68,1.15,48.12,3.55,3.03,3.65,0.7,222.09,96.26
2024-10-17,93.16,115.75,15.64,18.58,26.8,34.61,1.51,40.62,4.22,5.27,4.57,0.69,224.27,81.62
2024-10-18,79.32,128.16,15.73,18.69,25.44,34.37,1.79,41.29,4.08,5.05,4.53,0.72,229.43,62.87
2024-10-19,75.28,110.4,15.61,17.35,24.77,36.12,1.74,37.78,3.82,5.31,4.69,0.73,247.41,77.36
2024-10-20,126.76,201.97,15.97,18.58,25.12,34.78,1.6,38.48,4.08,5.09,4.6,0.55,185.7,52.87
